-- phpMyAdmin SQL Dump
-- version 4.7.7
-- https://www.phpmyadmin.net/
--
-- Хост: 127.0.0.1:3306
-- Время создания: Июл 14 2019 г., 20:44
-- Версия сервера: 5.6.38
-- Версия PHP: 7.2.0

SET SQL_MODE = "NO_AUTO_VALUE_ON_ZERO";
SET AUTOCOMMIT = 0;
START TRANSACTION;
SET time_zone = "+00:00";


/*!40101 SET @OLD_CHARACTER_SET_CLIENT=@@CHARACTER_SET_CLIENT */;
/*!40101 SET @OLD_CHARACTER_SET_RESULTS=@@CHARACTER_SET_RESULTS */;
/*!40101 SET @OLD_COLLATION_CONNECTION=@@COLLATION_CONNECTION */;
/*!40101 SET NAMES utf8mb4 */;

--
-- База данных: `incredible_db`
--

-- --------------------------------------------------------

--
-- Структура таблицы `interests`
--

CREATE TABLE `interests` (
  `slug` varchar(20) NOT NULL,
  `name` varchar(20) NOT NULL,
  `description` varchar(100) DEFAULT NULL
) ENGINE=InnoDB DEFAULT CHARSET=utf8;

--
-- Дамп данных таблицы `interests`
--

INSERT INTO `interests` (`slug`, `name`, `description`) VALUES
('interest1', 'Интерес 1', 'Эпичное описание интереса 1'),
('interest2', 'Интерес 2', 'Эпичное описание интереса 2'),
('interest3', 'Интерес 3', 'Эпичное описание интереса 3');

-- --------------------------------------------------------

--
-- Структура таблицы `phinxlog`
--

CREATE TABLE `phinxlog` (
  `version` bigint(20) NOT NULL,
  `migration_name` varchar(100) DEFAULT NULL,
  `start_time` timestamp NULL DEFAULT NULL,
  `end_time` timestamp NULL DEFAULT NULL,
  `breakpoint` tinyint(1) NOT NULL DEFAULT '0'
) ENGINE=InnoDB DEFAULT CHARSET=utf8;

--
-- Дамп данных таблицы `phinxlog`
--

INSERT INTO `phinxlog` (`version`, `migration_name`, `start_time`, `end_time`, `breakpoint`) VALUES
(20190712030519, 'UsersTable', '2019-07-13 02:43:47', '2019-07-13 02:43:47', 0),
(20190712042111, 'AddLatLongUserTable', '2019-07-13 02:43:47', '2019-07-13 02:43:47', 0),
(20190712044808, 'InterestsTable', '2019-07-13 02:43:47', '2019-07-13 02:43:47', 0),
(20190712045120, 'UserInterestsTable', '2019-07-13 02:43:47', '2019-07-13 02:43:48', 0),
(20190712063824, 'AddValueUserInterestsTable', '2019-07-13 02:43:48', '2019-07-13 02:43:48', 0),
(20190712084607, 'AddCountryCodeUsersTable', '2019-07-13 02:43:48', '2019-07-13 02:43:48', 0),
(20190712115804, 'AddAgeLimitUsersTable', '2019-07-13 02:43:48', '2019-07-13 02:43:48', 0),
(20190713100733, 'AddSettingsUsersTable', '2019-07-13 07:40:36', '2019-07-13 07:40:36', 0),
(20190713100831, 'SettingsInterestsTable', '2019-07-13 07:40:48', '2019-07-13 07:40:48', 0);

-- --------------------------------------------------------

--
-- Структура таблицы `settings_interests`
--

CREATE TABLE `settings_interests` (
  `id` int(11) NOT NULL,
  `user_id` int(11) DEFAULT NULL,
  `interest_slug` varchar(20) DEFAULT NULL,
  `value` tinyint(1) DEFAULT NULL
) ENGINE=InnoDB DEFAULT CHARSET=utf8;

--
-- Дамп данных таблицы `settings_interests`
--

INSERT INTO `settings_interests` (`id`, `user_id`, `interest_slug`, `value`) VALUES
(1, 5, 'interest1', NULL),
(2, 5, 'interest2', NULL),
(3, 5, 'interest3', NULL),
(4, 66, 'interest1', NULL),
(5, 66, 'interest2', NULL),
(6, 66, 'interest3', NULL),
(7, 73, 'interest1', NULL),
(8, 73, 'interest2', NULL),
(9, 73, 'interest3', NULL),
(10, 77, 'interest1', NULL),
(11, 77, 'interest2', NULL),
(12, 77, 'interest3', NULL),
(13, 84, 'interest1', NULL),
(14, 84, 'interest2', NULL),
(15, 84, 'interest3', NULL),
(16, 52, 'interest1', NULL),
(17, 52, 'interest2', NULL),
(18, 52, 'interest3', NULL),
(19, 10, 'interest1', NULL),
(20, 10, 'interest2', NULL),
(21, 10, 'interest3', NULL),
(22, 91, 'interest1', NULL),
(23, 91, 'interest2', NULL),
(24, 91, 'interest3', NULL),
(25, 33, 'interest1', NULL),
(26, 33, 'interest2', NULL),
(27, 33, 'interest3', NULL),
(28, 98, 'interest1', NULL),
(29, 98, 'interest2', NULL),
(30, 98, 'interest3', NULL),
(31, 69, 'interest1', NULL),
(32, 69, 'interest2', NULL),
(33, 69, 'interest3', NULL),
(34, 97, 'interest1', NULL),
(35, 97, 'interest2', NULL),
(36, 97, 'interest3', NULL),
(37, 14, 'interest1', 1),
(38, 14, 'interest2', 0),
(39, 14, 'interest3', NULL),
(40, 56, 'interest1', NULL),
(41, 56, 'interest2', NULL),
(42, 56, 'interest3', NULL),
(43, 74, 'interest1', NULL),
(44, 74, 'interest2', NULL),
(45, 74, 'interest3', NULL),
(46, 11, 'interest1', NULL),
(47, 11, 'interest2', NULL),
(48, 11, 'interest3', NULL),
(49, 40, 'interest1', NULL),
(50, 40, 'interest2', NULL),
(51, 40, 'interest3', NULL),
(52, 55, 'interest1', NULL),
(53, 55, 'interest2', NULL),
(54, 55, 'interest3', NULL),
(55, 65, 'interest1', NULL),
(56, 65, 'interest2', NULL),
(57, 65, 'interest3', NULL),
(58, 30, 'interest1', NULL),
(59, 30, 'interest2', NULL),
(60, 30, 'interest3', NULL),
(61, 68, 'interest1', NULL),
(62, 68, 'interest2', NULL),
(63, 68, 'interest3', NULL),
(64, 16, 'interest1', NULL),
(65, 16, 'interest2', NULL),
(66, 16, 'interest3', NULL),
(67, 1, 'interest1', NULL),
(68, 1, 'interest2', NULL),
(69, 1, 'interest3', NULL),
(70, 2, 'interest1', NULL),
(71, 2, 'interest2', NULL),
(72, 2, 'interest3', NULL),
(73, 85, 'interest1', NULL),
(74, 85, 'interest2', NULL),
(75, 85, 'interest3', NULL),
(76, 26, 'interest1', NULL),
(77, 26, 'interest2', NULL),
(78, 26, 'interest3', NULL),
(79, 18, 'interest1', NULL),
(80, 18, 'interest2', NULL),
(81, 18, 'interest3', NULL),
(82, 23, 'interest1', NULL),
(83, 23, 'interest2', NULL),
(84, 23, 'interest3', NULL),
(85, 32, 'interest1', NULL),
(86, 32, 'interest2', NULL),
(87, 32, 'interest3', NULL),
(88, 95, 'interest1', NULL),
(89, 95, 'interest2', NULL),
(90, 95, 'interest3', NULL),
(91, 27, 'interest1', NULL),
(92, 27, 'interest2', NULL),
(93, 27, 'interest3', NULL),
(94, 72, 'interest1', NULL),
(95, 72, 'interest2', NULL),
(96, 72, 'interest3', NULL),
(97, 38, 'interest1', NULL),
(98, 38, 'interest2', NULL),
(99, 38, 'interest3', NULL),
(100, 63, 'interest1', NULL),
(101, 63, 'interest2', NULL),
(102, 63, 'interest3', NULL),
(103, 60, 'interest1', NULL),
(104, 60, 'interest2', NULL),
(105, 60, 'interest3', NULL),
(106, 45, 'interest1', NULL),
(107, 45, 'interest2', NULL),
(108, 45, 'interest3', NULL),
(109, 82, 'interest1', NULL),
(110, 82, 'interest2', NULL),
(111, 82, 'interest3', NULL),
(112, 8, 'interest1', NULL),
(113, 8, 'interest2', NULL),
(114, 8, 'interest3', NULL),
(115, 42, 'interest1', NULL),
(116, 42, 'interest2', NULL),
(117, 42, 'interest3', NULL),
(118, 80, 'interest1', NULL),
(119, 80, 'interest2', NULL),
(120, 80, 'interest3', NULL),
(121, 87, 'interest1', NULL),
(122, 87, 'interest2', NULL),
(123, 87, 'interest3', NULL),
(124, 67, 'interest1', NULL),
(125, 67, 'interest2', NULL),
(126, 67, 'interest3', NULL),
(127, 41, 'interest1', NULL),
(128, 41, 'interest2', NULL),
(129, 41, 'interest3', NULL),
(130, 47, 'interest1', NULL),
(131, 47, 'interest2', NULL),
(132, 47, 'interest3', NULL),
(133, 9, 'interest1', NULL),
(134, 9, 'interest2', NULL),
(135, 9, 'interest3', NULL),
(136, 89, 'interest1', NULL),
(137, 89, 'interest2', NULL),
(138, 89, 'interest3', NULL),
(139, 49, 'interest1', NULL),
(140, 49, 'interest2', NULL),
(141, 49, 'interest3', NULL),
(142, 22, 'interest1', NULL),
(143, 22, 'interest2', NULL),
(144, 22, 'interest3', NULL),
(145, 75, 'interest1', NULL),
(146, 75, 'interest2', NULL),
(147, 75, 'interest3', NULL),
(148, 21, 'interest1', NULL),
(149, 21, 'interest2', NULL),
(150, 21, 'interest3', NULL),
(151, 31, 'interest1', NULL),
(152, 31, 'interest2', NULL),
(153, 31, 'interest3', NULL),
(154, 35, 'interest1', NULL),
(155, 35, 'interest2', NULL),
(156, 35, 'interest3', NULL),
(157, 6, 'interest1', NULL),
(158, 6, 'interest2', NULL),
(159, 6, 'interest3', NULL),
(160, 54, 'interest1', NULL),
(161, 54, 'interest2', NULL),
(162, 54, 'interest3', NULL),
(163, 86, 'interest1', NULL),
(164, 86, 'interest2', NULL),
(165, 86, 'interest3', NULL),
(166, 53, 'interest1', NULL),
(167, 53, 'interest2', NULL),
(168, 53, 'interest3', NULL),
(169, 71, 'interest1', NULL),
(170, 71, 'interest2', NULL),
(171, 71, 'interest3', NULL),
(172, 24, 'interest1', NULL),
(173, 24, 'interest2', NULL),
(174, 24, 'interest3', NULL),
(175, 20, 'interest1', NULL),
(176, 20, 'interest2', NULL),
(177, 20, 'interest3', NULL),
(178, 43, 'interest1', NULL),
(179, 43, 'interest2', NULL),
(180, 43, 'interest3', NULL),
(181, 100, 'interest1', NULL),
(182, 100, 'interest2', NULL),
(183, 100, 'interest3', NULL),
(184, 62, 'interest1', NULL),
(185, 62, 'interest2', NULL),
(186, 62, 'interest3', NULL),
(187, 4, 'interest1', NULL),
(188, 4, 'interest2', NULL),
(189, 4, 'interest3', NULL),
(190, 94, 'interest1', NULL),
(191, 94, 'interest2', NULL),
(192, 94, 'interest3', NULL),
(193, 92, 'interest1', NULL),
(194, 92, 'interest2', NULL),
(195, 92, 'interest3', NULL),
(196, 28, 'interest1', NULL),
(197, 28, 'interest2', NULL),
(198, 28, 'interest3', NULL),
(199, 44, 'interest1', NULL),
(200, 44, 'interest2', NULL),
(201, 44, 'interest3', NULL),
(202, 70, 'interest1', NULL),
(203, 70, 'interest2', NULL),
(204, 70, 'interest3', NULL),
(205, 51, 'interest1', NULL),
(206, 51, 'interest2', NULL),
(207, 51, 'interest3', NULL),
(208, 90, 'interest1', NULL),
(209, 90, 'interest2', NULL),
(210, 90, 'interest3', NULL),
(211, 81, 'interest1', NULL),
(212, 81, 'interest2', NULL),
(213, 81, 'interest3', NULL),
(214, 3, 'interest1', NULL),
(215, 3, 'interest2', NULL),
(216, 3, 'interest3', NULL),
(217, 25, 'interest1', NULL),
(218, 25, 'interest2', NULL),
(219, 25, 'interest3', NULL),
(220, 7, 'interest1', NULL),
(221, 7, 'interest2', NULL),
(222, 7, 'interest3', NULL),
(223, 29, 'interest1', NULL),
(224, 29, 'interest2', NULL),
(225, 29, 'interest3', NULL),
(226, 57, 'interest1', NULL),
(227, 57, 'interest2', NULL),
(228, 57, 'interest3', NULL),
(229, 17, 'interest1', NULL),
(230, 17, 'interest2', NULL),
(231, 17, 'interest3', NULL),
(232, 79, 'interest1', NULL),
(233, 79, 'interest2', NULL),
(234, 79, 'interest3', NULL),
(235, 58, 'interest1', NULL),
(236, 58, 'interest2', NULL),
(237, 58, 'interest3', NULL),
(238, 19, 'interest1', NULL),
(239, 19, 'interest2', NULL),
(240, 19, 'interest3', NULL),
(241, 64, 'interest1', NULL),
(242, 64, 'interest2', NULL),
(243, 64, 'interest3', NULL),
(244, 96, 'interest1', NULL),
(245, 96, 'interest2', NULL),
(246, 96, 'interest3', NULL),
(247, 34, 'interest1', NULL),
(248, 34, 'interest2', NULL),
(249, 34, 'interest3', NULL),
(250, 37, 'interest1', NULL),
(251, 37, 'interest2', NULL),
(252, 37, 'interest3', NULL),
(253, 88, 'interest1', NULL),
(254, 88, 'interest2', NULL),
(255, 88, 'interest3', NULL),
(256, 99, 'interest1', NULL),
(257, 99, 'interest2', NULL),
(258, 99, 'interest3', NULL),
(259, 59, 'interest1', NULL),
(260, 59, 'interest2', NULL),
(261, 59, 'interest3', NULL),
(262, 118, 'interest1', 1),
(263, 118, 'interest2', NULL),
(264, 118, 'interest3', 0),
(265, 117, 'interest1', NULL),
(266, 117, 'interest2', NULL),
(267, 117, 'interest3', NULL),
(268, 78, 'interest1', NULL),
(269, 78, 'interest2', NULL),
(270, 78, 'interest3', NULL),
(271, 93, 'interest1', NULL),
(272, 93, 'interest2', NULL),
(273, 93, 'interest3', NULL),
(274, 15, 'interest1', NULL),
(275, 15, 'interest2', NULL),
(276, 15, 'interest3', NULL),
(277, 46, 'interest1', NULL),
(278, 46, 'interest2', NULL),
(279, 46, 'interest3', NULL),
(280, 61, 'interest1', NULL),
(281, 61, 'interest2', NULL),
(282, 61, 'interest3', NULL),
(283, 39, 'interest1', NULL),
(284, 39, 'interest2', NULL),
(285, 39, 'interest3', NULL),
(286, 13, 'interest1', NULL),
(287, 13, 'interest2', NULL),
(288, 13, 'interest3', NULL),
(289, 36, 'interest1', NULL),
(290, 36, 'interest2', NULL),
(291, 36, 'interest3', NULL),
(292, 12, 'interest1', NULL),
(293, 12, 'interest2', NULL),
(294, 12, 'interest3', NULL),
(295, 48, 'interest1', NULL),
(296, 48, 'interest2', NULL),
(297, 48, 'interest3', NULL),
(298, 50, 'interest1', NULL),
(299, 50, 'interest2', NULL),
(300, 50, 'interest3', NULL),
(301, 83, 'interest1', NULL),
(302, 83, 'interest2', NULL),
(303, 83, 'interest3', NULL),
(304, 76, 'interest1', NULL),
(305, 76, 'interest2', NULL),
(306, 76, 'interest3', NULL),
(307, NULL, 'interest1', NULL),
(308, NULL, 'interest2', NULL),
(309, NULL, 'interest3', NULL),
(310, NULL, 'interest1', NULL),
(311, NULL, 'interest2', NULL),
(312, NULL, 'interest3', NULL),
(313, 124, 'interest1', 1),
(314, 124, 'interest2', NULL),
(315, 124, 'interest3', 0),
(316, 125, 'interest1', NULL),
(317, 125, 'interest2', NULL),
(318, 125, 'interest3', NULL);

-- --------------------------------------------------------

--
-- Структура таблицы `users`
--

CREATE TABLE `users` (
  `id` int(11) NOT NULL,
  `name` varchar(20) NOT NULL,
  `email` varchar(40) NOT NULL,
  `password` varchar(60) NOT NULL,
  `last_login_at` timestamp NOT NULL DEFAULT CURRENT_TIMESTAMP,
  `birthdate` timestamp NOT NULL DEFAULT CURRENT_TIMESTAMP,
  `lat` decimal(10,7) DEFAULT NULL,
  `long` decimal(10,7) DEFAULT NULL,
  `country_code` varchar(10) DEFAULT NULL,
  `age_limit_min` int(11) DEFAULT NULL,
  `age_limit_max` int(11) DEFAULT NULL,
  `age_search_min` int(11) DEFAULT NULL,
  `age_search_max` int(11) DEFAULT NULL,
  `location` varchar(20) NOT NULL DEFAULT 'world'
) ENGINE=InnoDB DEFAULT CHARSET=utf8;

--
-- Дамп данных таблицы `users`
--

INSERT INTO `users` (`id`, `name`, `email`, `password`, `last_login_at`, `birthdate`, `lat`, `long`, `country_code`, `age_limit_min`, `age_limit_max`, `age_search_min`, `age_search_max`, `location`) VALUES
(1, 'Kacie Cole', 'eloise38@wiza.com', '$2y$12$Elwo5CKdDhtljr3/HH1I0eE4hL9m1.w5mUvXtGkqF2r4qhFQXyvhq', '1972-07-31 21:58:28', '1978-01-03 07:59:04', '35.6900000', '139.6900000', 'JP', 24, 40, NULL, NULL, 'world'),
(2, 'Millie Stark', 'ewindler@hotmail.co', '$2y$12$O/MR3VDIwq2rW3Zcoa9hDegKZ6zWrE.wXnA/Gq2I8kvbRn9FHXy0q', '2005-03-23 12:43:46', '1985-10-08 06:25:39', '37.7510000', '-97.8220000', 'US', NULL, NULL, NULL, NULL, 'world'),
(3, 'Arturo Little V', 'nritchie@gleichner.', '$2y$12$2FStGf1EVBm6NBme.UPpieLQTTD2u/3sNSGsg6nci6iTmNdSEWKJK', '1993-11-21 16:01:39', '1988-09-07 04:28:56', '54.6838064', '73.8025339', 'RU', NULL, NULL, NULL, NULL, 'world'),
(4, 'Prof. Ferne Waters', 'may.connelly@hotmai', '$2y$12$23orzhpK8V3k/T7NBezCIeoQu8r/l//Zn6ggNx2PuV6ucjVJKv.yq', '1985-06-01 16:12:37', '2006-02-06 12:06:00', '54.8989554', '73.0706818', 'RU', 40, NULL, NULL, NULL, 'world'),
(5, 'Royal Smith', 'abagail50@hotmail.c', '$2y$12$LZk6YQlryRHpXy4mA57g0O7ThTbYCKKz8PlCHjRM4l7.ycbxH4Y3i', '2002-11-10 08:33:43', '2006-12-16 03:51:42', '37.7510000', '-97.8220000', 'US', 24, 40, NULL, NULL, 'world'),
(6, 'Alanis Hansen', 'lehner.lonie@schupp', '$2y$12$nN6Jk5gGZTN8a1lQA3uf..EMYlwGWheXFsd0XECavJ78GWT9Fcfpq', '1977-08-26 07:21:47', '2013-01-19 09:37:00', '43.6319000', '-79.3716000', 'CA', 40, NULL, NULL, NULL, 'world'),
(7, 'Baby Gerlach', 'payton18@yahoo.com', '$2y$12$ZOMmYcDnSd7FF/BYhMa6EeHSGB/b9z3JxQDr2THzugaj5yIiqOfKq', '2015-04-25 15:08:47', '2002-08-12 08:08:57', '37.7510000', '-97.8220000', 'US', NULL, NULL, NULL, NULL, 'world'),
(8, 'Rico Rutherford', 'isaias85@bauch.com', '$2y$12$y1.1.wxfLoFYawduzAQ/GO0Rj8IePigHf8/s2WBg5r5gvU0wEAxry', '1983-12-14 22:28:46', '2019-04-25 12:26:13', '54.0895240', '73.3340824', 'RU', 18, 24, NULL, NULL, 'world'),
(9, 'Rusty Boyle DDS', 'keeley.heller@tromp', '$2y$12$4N7B6rQwEGYR9YM2lD7O7O55o5nk4pmrZLCb2w9RuFOD4wLIx8H6y', '2019-01-15 20:10:12', '1978-07-03 15:26:27', '46.0000000', '25.0000000', 'RO', 24, 40, NULL, NULL, 'world'),
(10, 'Carolina Berge', 'anjali.labadie@yaho', '$2y$12$i/WUT6YYSf47QOV.VYnYPem7GCUGjTNPRc4g6km6Hgext1cTHrwUK', '2017-12-06 23:35:20', '2003-02-14 18:39:36', '54.4293319', '73.1137578', 'RU', NULL, NULL, NULL, NULL, 'world'),
(11, 'Dr. Lavinia Haley I', 'colten97@strosin.co', '$2y$12$g9ZKncHRg0wOCu8pcYR8IeimfOY/qOxtoqI8oIigaX4NGKzBQuy5a', '1990-12-04 18:17:28', '2000-11-03 12:50:12', '54.3230582', '73.1630547', 'RU', NULL, NULL, NULL, NULL, 'world'),
(12, 'Wilmer Doyle', 'waltenwerth@medhurs', '$2y$12$ZwJmh7TSiTNdS7ILDVENPeHREbAqkR9eDZ3p5mhTd9kaAfbLWJ5fi', '1979-02-22 23:33:11', '1985-01-11 04:33:27', '51.2334000', '22.5420000', 'PL', 40, NULL, NULL, NULL, 'world'),
(13, 'Kara McLaughlin', 'veda.osinski@weiman', '$2y$12$uvp3IAvw41D0cZTqsJwWYOJ7rHwudXmK6ecSch6sP0zDilhludDCK', '1996-07-28 21:48:14', '1970-05-12 11:29:01', '54.3733467', '73.3227068', 'RU', NULL, NULL, NULL, NULL, 'world'),
(14, 'Ryder Hessel', 'buckridge.velva@bor', '$2y$12$DrPWYFTd7cVB.3zM/szHUubboZqXMXdaiIbjmHUR8Xfg3leuMkCna', '2019-07-14 14:09:17', '1998-10-27 04:38:37', '54.2541994', '73.0866681', 'RU', 18, 24, 18, NULL, 'world'),
(15, 'Miss Leonie Kling', 'tyrel.leffler@hotma', '$2y$12$j1qLKh8fIKlG6Rs569pgCOCHkla4D4IJzo8kM.OwkSqJVIwVEDcAS', '2015-09-24 16:01:26', '1996-07-19 11:41:38', '54.4337985', '73.7767493', 'RU', 40, NULL, NULL, NULL, 'world'),
(16, 'Mrs. Ida Botsford', 'effertz.lillian@hot', '$2y$12$CDjftpVfj7N2FjXuEgb2Pe67sPgvmvBxN2nUZLJQcURJCdtPBjCRy', '2017-12-03 01:45:40', '1978-02-22 12:09:12', '37.7510000', '-97.8220000', 'US', 18, 24, NULL, NULL, 'world'),
(17, 'Aubree Dickens', 'phane@gmail.com', '$2y$12$w.Md2wEs2jTyWi0tlX8bOew7qTCV0O/ZoCMpXPznYdxonDpnsYeoG', '1989-07-07 00:14:07', '2007-10-13 12:01:22', '41.6470000', '1.1396000', 'ES', 24, 40, NULL, NULL, 'world'),
(18, 'Lincoln Auer', 'fsauer@hermiston.or', '$2y$12$ojazihY/WKEaxnYoXXDUSO7ItNUUWGel5YNgk.V/XGD.6Un1FdNiu', '2015-12-22 18:51:15', '2013-07-07 10:41:58', NULL, NULL, NULL, 18, 24, NULL, NULL, 'world'),
(19, 'Dr. Jazmyn Effertz ', 'qwunsch@stanton.com', '$2y$12$9YZQiEwsPa93vQvGqK1ASOOY4oLeYDs4xh7QKxc6KEAG8oJdrizOC', '2011-03-04 15:48:10', '2002-01-18 13:52:45', '54.6144159', '73.6437068', 'RU', 40, NULL, NULL, NULL, 'world'),
(20, 'Mr. Bobbie Torp', 'marie.shields@yahoo', '$2y$12$vUwjW0rIz2FyYWqUisgnfu78RbVfNENX40s7nUlSaALfx1jIoXd2m', '1979-10-18 16:32:03', '1981-01-17 22:27:12', '54.1325459', '73.7299357', 'RU', NULL, NULL, NULL, NULL, 'world'),
(21, 'Maximillian Breiten', 'kunze.maida@bartole', '$2y$12$zEBVMfNFeLLHXuLoJzj.4eUE12LMEO/1L8Gq16hkZafABOmrnX.r2', '2013-11-20 08:28:17', '2011-08-25 22:44:29', '35.6900000', '139.6900000', 'JP', 40, NULL, NULL, NULL, 'world'),
(22, 'Albin Casper', 'kgutmann@gmail.com', '$2y$12$a66TFWn6Ez8Onp42hAXO0.jaVz2rl8nvF3vJKl9XY7R4dtGPJAQOO', '1993-01-24 15:51:48', '2015-10-21 12:28:00', '45.7500000', '126.6500000', 'CN', 18, 24, NULL, NULL, 'world'),
(23, 'Jane Flatley', 'gabrielle69@gmail.c', '$2y$12$WfptpnthDUEQAyr2VY.kO.0Eca1uB3KTSpvcaxh74r1m4vu7H6tM2', '2006-04-26 20:22:26', '1983-02-25 08:56:33', '54.8299710', '73.7809891', 'RU', NULL, NULL, NULL, NULL, 'world'),
(24, 'Prof. Timothy Rueck', 'mariano81@yahoo.com', '$2y$12$VeY1FlhCoUCuHzOYCYRFDuqe/fcQHmQJxvsvCtPsyL6O3Dbdh/qCm', '1972-12-31 08:45:05', '2000-05-24 06:53:13', '54.8315850', '73.1432392', 'RU', 24, 40, NULL, NULL, 'world'),
(25, 'Garland Bashirian', 'oconner.nyasia@erns', '$2y$12$JRjX5.9bDUlBkh4/rYR4DOqf6ftBOU/D7pCzy37lAX2dFT6XRzYTC', '1981-01-10 00:21:21', '2006-02-07 00:51:05', '54.0513497', '73.6043146', 'RU', NULL, NULL, NULL, NULL, 'world'),
(26, 'Alejandrin Jerde', 'frederick57@orn.com', '$2y$12$jMP3nFj1EecBGm.rm2rX4OOi9il9h8MVqvsGk/UEceu9Teypc6avG', '1982-04-13 18:08:09', '2015-02-27 22:57:40', '54.9239867', '73.5857636', 'RU', NULL, NULL, NULL, NULL, 'world'),
(27, 'Esther Bashirian Ph', 'hahn.betsy@gmail.co', '$2y$12$uanJ42yrZax/BVt34XpVVuXGJ.fLvi8f3/q5Bb74ged360rQWStN.', '2005-12-01 04:17:47', '1982-09-04 12:32:38', '32.5927000', '-86.2153000', 'US', 40, NULL, NULL, NULL, 'world'),
(28, 'Mose Daugherty', 'murray.jessy@hotmai', '$2y$12$uFxYfV4p6En5Cf5GIZjSZO3herVjHMrErr.BR81OvZnN3BO1dV/8q', '2003-01-01 19:11:27', '2011-07-05 09:16:49', '54.4501837', '73.7098272', 'RU', 40, NULL, NULL, NULL, 'world'),
(29, 'Malika Green', 'pdeckow@tremblay.co', '$2y$12$zEF2HfEHiokKPQyv55fNXONHuguA3Nop3m0P1zTv705x1rGThOCEu', '2009-10-13 21:41:01', '2018-07-11 20:14:24', '54.9475458', '73.4364828', 'RU', NULL, NULL, NULL, NULL, 'world'),
(30, 'Mrs. Celestine Veum', 'delia41@yahoo.com', '$2y$12$C/9HxT8CSPskE/M32dueCuPXHlrA3hOE8l/U9VuThLLBTZYM670t6', '1983-04-06 05:20:40', '1994-12-13 02:02:45', '37.7510000', '-97.8220000', 'US', 24, 40, NULL, NULL, 'world'),
(31, 'Lupe Goodwin', 'lamar.durgan@hotmai', '$2y$12$lGRtpiOaIM6QnZrE.hI3Cus6Ch/uMe7KuROokafEECYoXppXzSrNS', '2005-06-30 03:52:03', '1991-12-12 06:57:17', '54.9216600', '73.7315996', 'RU', 24, 40, NULL, NULL, 'world'),
(32, 'Meta O\'Connell', 'gaylord.lenore@yaho', '$2y$12$FuVOFh2aXaAihLm.oFsf2evPUyxWVQtTowT3qeK44MFEPkW27qK/e', '2009-09-10 15:16:02', '2016-12-20 07:36:25', '51.2993000', '9.4910000', 'DE', NULL, NULL, NULL, NULL, 'world'),
(33, 'Verdie Gerhold II', 'beahan.felicity@pac', '$2y$12$Gy.2d/ulAaT1bNLjRP5vG.21qs7sFvxhvOZyxXi5NOt3x/8dSV16u', '2012-09-13 07:13:27', '2018-03-04 06:27:32', '54.4610275', '73.2486505', 'RU', 40, NULL, NULL, NULL, 'world'),
(34, 'Waldo Borer', 'shaina.pouros@gmail', '$2y$12$HiTlPQOAU71/I3NQnb7Xkuan1XbXxc43zjEeWCjJEPx4FFjefJxki', '1974-12-26 14:16:55', '2008-12-09 17:45:27', '49.7000000', '13.3167000', 'CZ', NULL, NULL, NULL, NULL, 'world'),
(35, 'Pablo Klocko', 'ldach@schamberger.c', '$2y$12$SGRmXz5RY71nJwY8fEo0ZuIVAyoLVqK6eEgLHNA6/GfeUDoSpKhQ2', '2014-04-26 05:50:02', '1983-06-03 05:31:14', '54.2177277', '73.2038143', 'RU', NULL, NULL, NULL, NULL, 'world'),
(36, 'Grace Fisher', 'von.pierce@yahoo.co', '$2y$12$H78VUhgHg44CCIUxmlsw7u9bRQRekW62wSkY47r4ycC8tHQ8ZU7W6', '1980-11-12 14:25:38', '1977-12-16 19:18:16', '35.8254000', '10.6370000', 'TN', 24, 40, NULL, NULL, 'world'),
(37, 'Reva Nicolas DDS', 'shanna02@hotmail.co', '$2y$12$wpHdqQ.SCU6apuTVtSnRbetPrdNI4wOzmxg8.ABtrNxexqh4cRaOa', '1993-06-20 00:29:01', '1973-05-17 02:23:08', '52.4863000', '18.1585000', 'PL', 18, 24, NULL, NULL, 'world'),
(38, 'Dorris Dooley', 'hettie26@littel.com', '$2y$12$WzfYhOWaldd9jba186j7fO6qJAnNaACCFlupK4rDHRkfTMyG7I9IC', '2006-06-07 21:28:33', '1988-11-16 22:16:00', '54.1427773', '73.7617084', 'RU', 24, 40, NULL, NULL, 'world'),
(39, 'Bo Medhurst', 'ureinger@yahoo.com', '$2y$12$vCCohNeVQ6XcteG8.u30tefXU6FRQ..sw6vPap1R8qRGNokrXLh1G', '2008-08-03 08:15:44', '1975-02-21 07:36:58', '35.0000000', '38.0000000', 'SY', 24, 40, NULL, NULL, 'world'),
(40, 'Ara Crona Sr.', 'courtney70@davis.in', '$2y$12$iME.PQwmtO7tyB/w6LdhTe.ArB2g7cc6KhBX9ZVu.SVvrHqHLfxNW', '2008-09-09 11:24:43', '1975-11-23 00:51:10', '54.4276189', '73.4738615', 'RU', 40, NULL, NULL, NULL, 'world'),
(41, 'Mrs. Faye Witting I', 'karl.borer@wilderma', '$2y$12$qfbPDqX/HeccpLrvURKWgOjuA/rom9fO0lmR3YZtO1qpxP2IDbrV2', '1971-09-24 10:41:38', '1988-09-04 07:37:15', '54.1861143', '73.2326763', 'RU', 30, 40, NULL, NULL, 'world'),
(42, 'Prof. Jacklyn Weima', 'jerod.beier@sipes.i', '$2y$12$P.iT5QgyLhnNuX3hMx4S5eoQ3RSWxdbT0mvvcJDIs5UiShrzPmyyK', '1994-06-16 21:40:35', '1970-05-05 07:19:08', '54.7840689', '73.8565497', 'RU', 40, NULL, NULL, NULL, 'world'),
(43, 'Ignatius Fisher', 'marta.hessel@yahoo.', '$2y$12$/Y2QWiySMOYk15p6k6RdrOkngUmhI4QMNmE7A7MWGd6FDZ4MEk9Ji', '2016-05-22 09:06:27', '2018-03-05 00:51:12', '54.6842737', '73.8239180', 'RU', NULL, NULL, NULL, NULL, 'world'),
(44, 'Prof. Lenny Zieme S', 'myrtis.kris@hirthe.', '$2y$12$3q/7EV/.YkHaFQwwl8kVq.bsl1HoOEXFo97rQLP3EYUlgk4bQvVH.', '2002-08-29 07:19:46', '2003-07-11 23:45:01', '54.9227830', '73.2609212', 'RU', 40, NULL, NULL, NULL, 'world'),
(45, 'Franco Corkery', 'hvolkman@gmail.com', '$2y$12$dDeSwZyH.FzC1xIk8N3u..cliSKO6VaIvqGDItZ2B/GINMYKAGuCO', '2017-11-14 01:28:09', '1971-07-03 20:03:33', '54.3482037', '73.8974967', 'RU', 40, NULL, NULL, NULL, 'world'),
(46, 'Miss Margarett Scha', 'umoen@towne.org', '$2y$12$rWK/pfer1kQvdHLb05Id6OI7SSwxgSdg6uwertxvK4FmXVe4HUDkW', '2018-09-16 01:58:16', '2005-12-05 01:40:12', '54.5630832', '73.4480638', 'RU', 40, NULL, NULL, NULL, 'world'),
(47, 'Kayli Bogisich', 'kayla.hessel@yahoo.', '$2y$12$Na0Az1uPIhulvmcyBHy3sOJnRvy2g9kFRG7XS2XhNkJ.ibErOlH2.', '2013-04-04 02:55:21', '1979-12-05 23:28:01', '54.2274155', '73.5638950', 'RU', 24, 40, NULL, NULL, 'world'),
(48, 'Kaelyn Lowe I', 'ward.felix@reilly.c', '$2y$12$AZ8w1dKTyWSzEYrXv4lF3.xopnbW3UVWvbAMxBWBvCJb3GMfwwirO', '1995-05-19 06:34:28', '1996-05-11 05:10:39', '54.7720953', '73.5420953', 'RU', 18, 24, NULL, NULL, 'world'),
(49, 'Marjolaine Kulas', 'keven08@feil.net', '$2y$12$8zTBXxyIRI/oAunuLkUls.DTLGwTSrF1apjccZ29IxYL0tkG.Si0S', '1971-02-02 14:42:00', '2007-09-13 12:31:21', '54.4014845', '73.1224577', 'RU', 18, 24, NULL, NULL, 'world'),
(50, 'Tyler Schmitt', 'ybreitenberg@hotmai', '$2y$12$Z4vm/YBar7hQw3aGCr769.zGzZ7nTd7dROh.Nyn2k9pwzvxABFf3G', '2010-02-19 05:16:04', '1980-05-16 22:31:00', '54.6003390', '73.5237267', 'RU', 24, 40, NULL, NULL, 'world'),
(51, 'Florence Romaguera', 'nader.zora@adams.co', '$2y$12$qmhpruiQw9zvfCw/oUXWvu544O5JMzO25eKVOmbScN88JlUSoGL9u', '1979-05-28 17:55:14', '2006-10-28 09:27:49', '54.5804008', '73.3477092', 'RU', 18, 24, NULL, NULL, 'world'),
(52, 'Rasheed Dach', 'aniyah10@jenkins.co', '$2y$12$EhLOV.byd2LZZ71mZ5FL2ekc8y2VqryGNfmWCyY/OqtvKFC2Ech4i', '1998-02-07 04:21:51', '1975-07-01 03:19:44', '37.7510000', '-97.8220000', 'US', 40, NULL, NULL, NULL, 'world'),
(53, 'Eldridge Beer PhD', 'littel.guy@brekke.c', '$2y$12$i86CRcp2/.0NODpeRYamfOOUi6KykwZN.8Uy6ZovI.jHZC3Fs6owS', '1999-12-03 04:19:30', '1974-09-12 12:38:40', '54.0204430', '73.2060107', 'RU', 40, NULL, NULL, NULL, 'world'),
(54, 'Marcos Gaylord', 'lemke.jovanny@nieno', '$2y$12$9Xl8NbbQzJrD55ISbF2Y3.igz2EIOYeSVO/7jbLbT1V5vUKMf/4Za', '1981-05-29 15:57:27', '1984-04-27 06:44:08', '54.7664226', '73.0843132', 'RU', NULL, NULL, NULL, NULL, 'world'),
(55, 'Miss Estefania Bloc', 'crona.keon@herzog.n', '$2y$12$5z/wpFIrw5bZGor5VQhziOQSscmy4ujHDF973pQRaKvJ7DN9vY..m', '1987-02-11 07:58:58', '1992-04-05 22:20:39', '43.9833000', '25.3333000', 'RO', 24, 40, NULL, NULL, 'world'),
(56, 'Brenna Abernathy', 'carrie15@yahoo.com', '$2y$12$G3vk4rjf0tosTzFzWGB9a.dFlvaDRD3y8WEqY9ry3HkTv9ABvffa6', '2013-05-12 21:57:26', '1973-03-13 09:06:46', '54.6090548', '73.9202730', 'RU', 40, NULL, NULL, NULL, 'world'),
(57, 'Mr. Alex Lowe IV', 'pdouglas@larson.biz', '$2y$12$bNviTvej7eEsSPFKk/lRVeqgco.QyOvrcxa7c0RzUAnlS25uMbN4S', '1975-03-02 15:48:43', '1983-04-18 22:01:56', NULL, NULL, NULL, 40, NULL, NULL, NULL, 'world'),
(58, 'Mrs. Stephanie Kihn', 'price.jorge@kshleri', '$2y$12$tJ80G6EgbZfBIkCmyBqo2uj0SukpGhOPMmyy.fFxF3MyPpt5NF.JO', '2011-11-08 09:10:53', '1993-10-22 11:49:02', '43.6319000', '-79.3716000', 'CA', NULL, NULL, NULL, NULL, 'world'),
(59, 'Mrs. Helga Kerluke', 'terry.alisha@hotmai', '$2y$12$Ao3HXRuKOgFNLAorCOebBej/zmrKK6dh7PFV4pV.6U25O3Ip4pt12', '2013-02-22 02:27:36', '1999-06-08 03:08:44', '35.6961000', '51.4231000', 'IR', 24, 40, NULL, NULL, 'world'),
(60, 'Marilie Pacocha', 'hintz.sydni@gmail.c', '$2y$12$k4A9Ng5HTa./xuUPJpWb6egSMH3WhxF6EfUrD7Kc.apf/8SI9mv2m', '1995-11-06 19:23:11', '2015-12-23 11:50:27', '54.1135052', '73.8124427', 'RU', 24, 40, NULL, NULL, 'world'),
(61, 'Miss Melissa Lueilw', 'uoconner@yahoo.com', '$2y$12$IpkPtgZ5K1QZhD8wHp8xtueg3w.kYeKpIYt1hCkXdwu6wtVOqGf4.', '1999-10-18 16:40:39', '2014-12-11 23:57:16', '54.4186904', '73.9184780', 'RU', 18, 24, NULL, NULL, 'world'),
(62, 'Salvador Maggio', 'mavis13@gmail.com', '$2y$12$93fT0AirU5/tOTWm.PRpa.ZLbf32EjqrdExDzsXF8s6bETvKHDI3a', '1974-04-17 17:51:56', '1999-09-17 18:34:55', '37.5985000', '126.9783000', 'KR', 24, 40, NULL, NULL, 'world'),
(63, 'Ciara Wintheiser', 'hilpert.osvaldo@hot', '$2y$12$J0PfOl8hFMypkehLQRdRBOe3ei67RbaLlDASFwwrraJqKo5rnmUj6', '1975-01-25 00:07:04', '1986-04-26 22:47:48', '54.4318271', '73.9437127', 'RU', NULL, NULL, NULL, NULL, 'world'),
(64, 'Mr. Keshaun O\'Keefe', 'rowland94@langworth', '$2y$12$tbGkE9LLeQsDEuOQbkz4X.pm5Q0D0TL0rN4C7OHaDXVfelUKnJEqK', '1989-06-29 07:02:58', '1986-05-04 03:50:52', '54.0284033', '73.8332239', 'RU', 24, 40, NULL, NULL, 'world'),
(65, 'Joanie Brakus', 'dach.laney@miller.o', '$2y$12$/Rb7y3T20XKO0dZ8hmeEw.IblM67hqdRdQLvGmdxGd4JhRYJglhQy', '1985-02-02 11:06:09', '1974-02-26 10:24:23', '54.8482019', '73.9139368', 'RU', NULL, NULL, NULL, NULL, 'world'),
(66, 'Mrs. Alison Barton ', 'aboyer@hotmail.com', '$2y$12$8Q5LCbWnGhmzhLd9DiiIRuhmnKlwKAAacGdIdI5GHKSGN/QBuoaYG', '1976-11-10 04:08:44', '1994-12-07 08:11:11', '35.1167000', '138.9167000', 'JP', 24, 40, NULL, NULL, 'world'),
(67, 'Ariel Trantow', 'jmertz@yahoo.com', '$2y$12$qZWOy86EdThVEnPzLk8uS.msTgf9elRwRjDYZFCVEh2GqmCwVqn8C', '2018-05-24 02:38:24', '2001-11-23 09:11:25', '54.0330429', '73.0307892', 'RU', 18, 24, NULL, NULL, 'world'),
(68, 'Keira Crist', 'denis27@gmail.com', '$2y$12$a8/seUunWVyuaw4DihvJ6.jwn.v8YGMy4NY.xpROe45D51gQRuRYy', '2009-09-19 13:26:03', '1978-07-27 11:11:52', '54.2877702', '73.2687010', 'RU', 24, 40, NULL, NULL, 'world'),
(69, 'Annette Lehner MD', 'brisa.bogan@feeney.', '$2y$12$ogofBAMgApBClIiSZjuayuJvxHs4p47CFVVojyEWiVqCMlO0zP5em', '1972-07-22 10:04:04', '1984-06-12 10:02:51', '37.7510000', '-97.8220000', 'US', 24, 40, NULL, NULL, 'world'),
(70, 'Dr. Caesar Nolan', 'nader.omari@hotmail', '$2y$12$XDYkzf4dDR1jWDeTGnwTzOD48xc0aCSy4UEtsUjwpcw0eNPHBF2Ue', '2000-12-15 16:41:13', '2018-04-08 14:50:58', '37.7510000', '-97.8220000', 'US', NULL, NULL, NULL, NULL, 'world'),
(71, 'Jannie Wyman', 'madelynn.donnelly@m', '$2y$12$/hw2DrK.XzD.JR1vjAPWEe0gEt8cccAr1E8lB3Su6UUIW3euckuRG', '2008-11-07 11:13:13', '1995-10-07 02:24:21', '54.8822792', '73.5170708', 'RU', 24, 40, NULL, NULL, 'world'),
(72, 'Gabriella Mann', 'heller.jodie@bruen.', '$2y$12$2GMZA4VANyqQdbfucqaLUu0TZJ.Arsze08RILUlOyWoRVeKr7YPRy', '1985-04-27 14:16:23', '1974-03-21 15:52:28', '54.2446453', '73.2134243', 'RU', 40, NULL, NULL, NULL, 'world'),
(73, 'Dejon Rempel DDS', 'alba40@gmail.com', '$2y$12$ii/geFOpwwm.a8uIXBUcpeyQ1/MiaOWlIN.3JCSEalRlyQEdqPz2W', '1997-02-18 11:38:57', '1984-06-22 13:38:01', '36.3000000', '139.3667000', 'JP', 40, NULL, NULL, NULL, 'world'),
(74, 'Elisa Daugherty', 'clementine.mccullou', '$2y$12$hC5JPpBhNtFXxvruAf1anOXqcaAxUHfhdAt/zpjHMG8X9qgfqQKY6', '1971-12-02 11:39:46', '2010-01-16 15:34:33', '54.8727125', '73.8137146', 'RU', 40, NULL, NULL, NULL, 'world'),
(75, 'Shad Keebler', 'korn@mante.com', '$2y$12$01sDTHPeWaZzUhj5.JnnFeFyNnlU.jMv4Iqs4FbdK8tnJTowB48s.', '1988-01-14 12:25:18', '2006-10-29 11:04:19', '54.3999756', '73.9514355', 'RU', 40, NULL, NULL, NULL, 'world'),
(76, 'Jessyca Prosacco', 'zhettinger@vonruede', '$2y$12$Q7CkapHh1Tb24CR4zeQFyOYxDeBJe5Wj16JpIUGA3AaMWLpW37ETW', '1971-03-08 07:54:49', '2000-01-09 23:54:53', '54.7051303', '73.7872867', 'RU', 18, 24, NULL, NULL, 'world'),
(77, 'Greta Stroman', 'alek68@gmail.com', '$2y$12$02fObsGCanKOk0UcOd8pze8pAA8BMtwJDxRKsYEwGO1Q4xtpo2uIy', '1988-10-06 16:23:27', '1988-03-27 12:19:22', '37.7510000', '-97.8220000', 'US', 18, 24, NULL, NULL, 'world'),
(78, 'Einar Rippin', 'thurman10@gmail.com', '$2y$12$jnlQr5p2dHmzyG7QA4mCZOZMPjnPTN/oY.RTfS90dO8Y5kmfTBMBe', '1999-07-06 21:49:12', '1998-07-28 15:29:42', '37.7510000', '-97.8220000', 'US', NULL, NULL, NULL, NULL, 'world'),
(79, 'Arely Koelpin', 'piper.abernathy@wit', '$2y$12$aqPYVKCs/B8jbcyKLpuFre3Ywvx.XWFWp8UHw/s0RlqvRLTSmujWm', '2004-05-31 03:06:26', '1997-05-02 15:06:28', NULL, NULL, NULL, 24, 40, NULL, NULL, 'world'),
(80, 'Grady Predovic Sr.', 'jeromy.hartmann@hal', '$2y$12$E6QM2R8U2Dt.FztITh2B0u3yoRoZB8jiXUMER4RRPFtCfpSyIYlYC', '2013-01-24 21:38:54', '2004-03-26 12:06:05', '51.4884000', '5.4734000', 'NL', NULL, NULL, NULL, NULL, 'world'),
(81, 'Dr. Mae Batz', 'nolan.herman@crooks', '$2y$12$RUyvTqzKBb0.KupunRGup.cmvznu5trOS5E9niMlgkZ.YREajEUQi', '2004-05-06 15:21:15', '2017-10-24 02:02:46', '37.7510000', '-97.8220000', 'US', 18, 24, NULL, NULL, 'world'),
(82, 'Rey Bernier', 'ibechtelar@hotmail.', '$2y$12$gUliy.vlRyntuOcVtfrc0uPyVfRHjhWr5pVFf26AhcVqqd7umDBrS', '1982-03-23 13:25:22', '2012-07-14 19:21:56', '54.6959756', '73.3315570', 'RU', 40, NULL, NULL, NULL, 'world'),
(83, 'Mr. Jaren Ledner Ph', 'ymosciski@glover.or', '$2y$12$tVkn2BN2byoFU5SYwpI0eO4rfk191M3lwuwnx3Kf33ThN0KIL7Lp2', '2002-07-11 08:48:30', '1998-02-01 21:15:52', '35.6900000', '139.6900000', 'JP', NULL, NULL, NULL, NULL, 'world'),
(84, 'Henriette Reynolds', 'angela33@yahoo.com', '$2y$12$.frGjh1KAtNtf76nDXQ0CuQLH83O0eCoCgATnKIMzRQ1uYPOaMo/.', '1976-09-27 19:11:03', '1999-11-23 04:16:15', '37.7510000', '-97.8220000', 'US', NULL, NULL, NULL, NULL, 'world'),
(85, 'Mariana Roberts', 'francisca52@gmail.c', '$2y$12$bwIzG5lDAg2U7IaQn3Ly8O0i7MfDvGZX4/V2i354Fe07Xz1iYe/mO', '2004-10-19 17:49:13', '2009-09-28 02:49:29', '47.1449000', '8.1551000', 'CH', 24, 40, NULL, NULL, 'world'),
(86, 'Norval Walter', 'lisandro28@walsh.bi', '$2y$12$58j.sdo28oxf9YR2QJsOkOhl1p6IZhc/9/dThaLwilZT9OXpVHhe.', '1996-07-27 06:44:35', '2007-06-08 21:45:24', '37.7510000', '-97.8220000', 'US', 40, NULL, NULL, NULL, 'world'),
(87, 'Meagan Streich', 'jkrajcik@bogan.org', '$2y$12$J1SKD/Bwd06obQnDKU0S9.Kcd.PsdMKHKj9ahTFfVO7Lqit8Zl0R2', '1993-03-12 16:12:35', '1990-04-15 07:49:32', '54.1553543', '73.8649790', 'RU', 24, 40, NULL, NULL, 'world'),
(88, 'Prof. Mekhi Waelchi', 'stiedemann.rosalind', '$2y$12$uWWS2/akHUUv5dTTFEorNOIQW91uIGIFhl/ravpN6Cp9nroQBMt8i', '1982-05-03 00:11:03', '1984-08-11 12:38:39', '34.7725000', '113.7266000', 'CN', 18, 24, NULL, NULL, 'world'),
(89, 'Alexandra Abshire', 'kemmer.nicholas@oha', '$2y$12$wfkRAS3Nc1AHiTQTok4rMuhRrLGGUByAtmQuqsdTHR47Ih2Olr46O', '2010-01-27 16:20:29', '1992-10-11 08:28:49', '54.5183681', '73.3935040', 'RU', 18, 24, NULL, NULL, 'world'),
(90, 'Eddie Mosciski', 'nelson.bradtke@hotm', '$2y$12$GlwfEA9WJJGO5MWhLQLn7OQ/B9rNvXfhTSb7usnRHpcHwpudMRoFy', '1978-03-01 03:45:00', '2002-01-16 04:13:15', '37.7510000', '-97.8220000', 'US', 40, NULL, NULL, NULL, 'world'),
(91, 'Mrs. Astrid Dicki', 'barrett.kreiger@gma', '$2y$12$FLas4ktFUy27b7.9x8aaNeQa07z4B.g8z5R7NYo3aCEmZK/jTwdt2', '1991-11-16 19:29:59', '2012-12-29 18:56:27', '54.0008812', '73.3878512', 'RU', 40, NULL, NULL, NULL, 'world'),
(92, 'Tatyana Parisian', 'mprohaska@rath.com', '$2y$12$4xX1RNkKlI5rDfw50vYxruv9mlNQEeCYeMoMj13xsowQ5zutKdO0e', '1974-02-18 12:27:13', '2010-02-05 02:07:20', '54.9758866', '73.6986739', 'RU', 18, 24, NULL, NULL, 'world'),
(93, 'Bella Corkery', 'tristin.halvorson@k', '$2y$12$6PaKANnGnUmIAs5p1woP9OvQ9X1xv0e1C23fMmDmkksTl1gf42l0u', '2009-04-24 14:41:40', '1981-08-19 04:09:43', '54.3723535', '73.5858776', 'RU', 18, 24, NULL, NULL, 'world'),
(94, 'Prof. Veronica Kloc', 'melyna01@hotmail.co', '$2y$12$HC.Z9VrVJ2SpFw.744YHgO4YYPUSDPPnPQ0Fj7Gq/TATCvFsyXqMa', '1995-10-21 17:51:38', '2002-03-25 18:52:06', '16.0000000', '106.0000000', 'VN', NULL, NULL, NULL, NULL, 'world'),
(95, 'Dr. Edwardo Heaney', 'gherzog@gmail.com', '$2y$12$hzPnenWY8JWu5RG7G4JDxeu8j4VeBTiCD1HpoMO8C0w5uLtxQw1dO', '1987-12-12 23:45:28', '1983-11-18 05:22:50', '54.9815739', '73.5520594', 'RU', 24, 40, NULL, NULL, 'world'),
(96, 'Frances Hamill', 'rudy.bartoletti@fah', '$2y$12$XR9/DfGkzBSKTMcgGUI07.Y5XHbnPo/oSqJ5/Jnfw/iH5HbH0Gq5O', '1999-03-13 15:23:30', '1992-01-19 18:32:55', '49.2328000', '28.4810000', 'UA', 24, 40, NULL, NULL, 'world'),
(97, 'Freeda Kirlin', 'brunolfsdottir@ward', '$2y$12$gvJREhp.ZCJnWuRwxllG2.WCoVUYus5L3.Nutg0CxmlyNUX2S6Bl.', '1996-08-05 21:16:25', '2013-08-18 22:41:03', NULL, NULL, NULL, 18, 24, NULL, NULL, 'world'),
(98, 'Mossie Rolfson MD', 'bogan.ronny@crona.c', '$2y$12$uArjtb7RTVpfADXsOcIV0ucp3QdHj1OoGg2RWGjlI/0mA5bMVXMLO', '1985-07-02 10:27:47', '2010-02-05 14:11:04', '54.8084756', '73.0878363', 'RU', 24, 40, NULL, NULL, 'world'),
(99, 'Allan Rippin', 'telly.kovacek@lebsa', '$2y$12$7hAwtcnmR2jD0ZGIZCDGiejMrFY1EZ2fW5Zl6P/JC1aWRy5CWop7.', '1984-10-26 22:41:33', '1987-10-24 06:19:14', '29.5628000', '106.5528000', 'CN', NULL, NULL, NULL, NULL, 'world'),
(100, 'Ms. Breanna Becker', 'maud80@hotmail.com', '$2y$12$.fTpQPkQnPaV1XX90X2gzueN9GCmwUC8LU1XudSFeNv26BljOqHJW', '2016-09-30 16:43:43', '1974-06-20 17:08:26', '37.7749000', '-122.4194000', 'US', NULL, NULL, NULL, NULL, 'world'),
(117, 'test', 'test@mail.com', '$2y$12$7YPS9d2p84c9.gIXgGSMEesTepnZS3HC4NsczRcYkba6pvTOSJi3u', '2019-07-13 06:55:55', '1995-04-02 18:00:00', NULL, NULL, NULL, NULL, NULL, NULL, NULL, 'world'),
(118, 'test', 'test2@mail.com', '$2y$12$Bd07h/r5UZMJOM49BEPLY.lzYimRF8af18R7V3PBsr09Rj.HdSII6', '2019-07-13 10:48:39', '1995-04-02 18:00:00', NULL, NULL, NULL, NULL, NULL, NULL, NULL, 'world'),
(119, 'test', 'test3@mail.com', '$2y$12$aclEpqCy/KiEPZunmAuGeeXZ81gjsfMdpCTdoi9itQJTlALjWQaUq', '2019-07-13 14:13:53', '1995-04-02 18:00:00', NULL, NULL, NULL, NULL, NULL, NULL, NULL, 'world'),
(120, 'test', 'test11@mail.com', '$2y$12$er/eur9bn1xHitvt3nFwEuv/WmIBpJT1ex7TLCHxduAZ5wgJOjvIm', '2019-07-13 14:18:35', '1995-04-02 18:00:00', NULL, NULL, NULL, NULL, NULL, NULL, NULL, 'world'),
(121, 'test', 'test12@mail.com', '$2y$12$GXEKZyl0NJqILTWWXLdPQu2RtbYB1CmZXfGdQeJm0.sFzcQ0fb0Hq', '2019-07-13 14:31:10', '1995-04-02 18:00:00', NULL, NULL, NULL, NULL, NULL, NULL, NULL, 'world'),
(122, 'test', 'test13@mail.com', '$2y$12$BRpKMEMj7jMDEP9jbzdDqeE5snp4Zkxyv0tBWgrRbF9iPPr5xzVqi', '2019-07-13 14:32:01', '1995-04-02 18:00:00', NULL, NULL, NULL, NULL, NULL, NULL, NULL, 'world'),
(123, 'test', 'test14@mail.com', '$2y$12$6Ci/x.bdsgeUSbLxTQdqYefFqodmQVGMyZwVf6gXVSImsoryLZBiC', '2019-07-13 14:37:51', '1995-04-02 18:00:00', NULL, NULL, NULL, NULL, NULL, NULL, NULL, 'world'),
(124, 'test', 'test15@mail.com', '$2y$12$5fIj06P.p7JzkUSojstSJu7iwerIu0Q1uYjhrDl1cwK1iOGtmJ5Bq', '2019-07-13 14:38:46', '1995-04-02 18:00:00', NULL, NULL, NULL, NULL, NULL, NULL, NULL, 'world'),
(125, 'test', 'test115@mail.com', '$2y$12$JK.PR9Z5YL/kM768YMGZ/uMDPaiY9Wg78bt8NRMALWSQZctuQ.2Fy', '2019-07-13 14:39:52', '1995-04-02 18:00:00', NULL, NULL, NULL, NULL, NULL, NULL, NULL, 'world');

-- --------------------------------------------------------

--
-- Структура таблицы `user_interests`
--

CREATE TABLE `user_interests` (
  `id` int(11) NOT NULL,
  `user_id` int(11) DEFAULT NULL,
  `interest_slug` varchar(20) DEFAULT NULL,
  `value` tinyint(1) NOT NULL DEFAULT '1'
) ENGINE=InnoDB DEFAULT CHARSET=utf8;

--
-- Дамп данных таблицы `user_interests`
--

INSERT INTO `user_interests` (`id`, `user_id`, `interest_slug`, `value`) VALUES
(1, 5, 'interest1', 0),
(2, 5, 'interest2', 0),
(3, 5, 'interest3', 0),
(4, 66, 'interest1', 1),
(5, 66, 'interest2', 0),
(6, 66, 'interest3', 0),
(7, 73, 'interest1', 1),
(8, 73, 'interest2', 0),
(9, 73, 'interest3', 1),
(10, 77, 'interest1', 1),
(11, 77, 'interest2', 0),
(12, 77, 'interest3', 1),
(13, 84, 'interest1', 0),
(14, 84, 'interest2', 0),
(15, 84, 'interest3', 0),
(16, 52, 'interest1', 0),
(17, 52, 'interest2', 0),
(18, 52, 'interest3', 1),
(19, 10, 'interest1', 1),
(20, 10, 'interest2', 0),
(21, 10, 'interest3', 0),
(22, 91, 'interest1', 1),
(23, 91, 'interest2', 1),
(24, 91, 'interest3', 0),
(25, 33, 'interest1', 0),
(26, 33, 'interest2', 0),
(27, 33, 'interest3', 1),
(28, 98, 'interest1', 0),
(29, 98, 'interest2', 1),
(30, 98, 'interest3', 1),
(31, 69, 'interest1', 0),
(32, 69, 'interest2', 1),
(33, 69, 'interest3', 0),
(34, 97, 'interest1', 1),
(35, 97, 'interest2', 0),
(36, 97, 'interest3', 1),
(37, 14, 'interest1', 0),
(38, 14, 'interest2', 1),
(39, 14, 'interest3', 1),
(40, 56, 'interest1', 1),
(41, 56, 'interest2', 0),
(42, 56, 'interest3', 1),
(43, 74, 'interest1', 1),
(44, 74, 'interest2', 1),
(45, 74, 'interest3', 1),
(46, 11, 'interest1', 1),
(47, 11, 'interest2', 1),
(48, 11, 'interest3', 1),
(49, 40, 'interest1', 1),
(50, 40, 'interest2', 1),
(51, 40, 'interest3', 1),
(52, 55, 'interest1', 1),
(53, 55, 'interest2', 0),
(54, 55, 'interest3', 1),
(55, 65, 'interest1', 0),
(56, 65, 'interest2', 0),
(57, 65, 'interest3', 0),
(58, 30, 'interest1', 0),
(59, 30, 'interest2', 1),
(60, 30, 'interest3', 0),
(61, 68, 'interest1', 1),
(62, 68, 'interest2', 0),
(63, 68, 'interest3', 1),
(64, 16, 'interest1', 0),
(65, 16, 'interest2', 0),
(66, 16, 'interest3', 0),
(67, 1, 'interest1', 1),
(68, 1, 'interest2', 0),
(69, 1, 'interest3', 0),
(70, 2, 'interest1', 1),
(71, 2, 'interest2', 1),
(72, 2, 'interest3', 0),
(73, 85, 'interest1', 1),
(74, 85, 'interest2', 0),
(75, 85, 'interest3', 1),
(76, 26, 'interest1', 1),
(77, 26, 'interest2', 1),
(78, 26, 'interest3', 1),
(79, 18, 'interest1', 1),
(80, 18, 'interest2', 1),
(81, 18, 'interest3', 0),
(82, 23, 'interest1', 0),
(83, 23, 'interest2', 0),
(84, 23, 'interest3', 0),
(85, 32, 'interest1', 1),
(86, 32, 'interest2', 0),
(87, 32, 'interest3', 1),
(88, 95, 'interest1', 1),
(89, 95, 'interest2', 0),
(90, 95, 'interest3', 0),
(91, 27, 'interest1', 1),
(92, 27, 'interest2', 0),
(93, 27, 'interest3', 0),
(94, 72, 'interest1', 0),
(95, 72, 'interest2', 1),
(96, 72, 'interest3', 0),
(97, 38, 'interest1', 0),
(98, 38, 'interest2', 0),
(99, 38, 'interest3', 1),
(100, 63, 'interest1', 0),
(101, 63, 'interest2', 0),
(102, 63, 'interest3', 1),
(103, 60, 'interest1', 0),
(104, 60, 'interest2', 0),
(105, 60, 'interest3', 1),
(106, 45, 'interest1', 1),
(107, 45, 'interest2', 0),
(108, 45, 'interest3', 0),
(109, 82, 'interest1', 0),
(110, 82, 'interest2', 1),
(111, 82, 'interest3', 1),
(112, 8, 'interest1', 1),
(113, 8, 'interest2', 0),
(114, 8, 'interest3', 1),
(115, 42, 'interest1', 0),
(116, 42, 'interest2', 1),
(117, 42, 'interest3', 1),
(118, 80, 'interest1', 1),
(119, 80, 'interest2', 1),
(120, 80, 'interest3', 0),
(121, 87, 'interest1', 0),
(122, 87, 'interest2', 0),
(123, 87, 'interest3', 0),
(124, 67, 'interest1', 1),
(125, 67, 'interest2', 0),
(126, 67, 'interest3', 0),
(127, 41, 'interest1', 1),
(128, 41, 'interest2', 0),
(129, 41, 'interest3', 1),
(130, 47, 'interest1', 0),
(131, 47, 'interest2', 0),
(132, 47, 'interest3', 1),
(133, 9, 'interest1', 0),
(134, 9, 'interest2', 1),
(135, 9, 'interest3', 1),
(136, 89, 'interest1', 0),
(137, 89, 'interest2', 0),
(138, 89, 'interest3', 0),
(139, 49, 'interest1', 1),
(140, 49, 'interest2', 1),
(141, 49, 'interest3', 0),
(142, 22, 'interest1', 1),
(143, 22, 'interest2', 1),
(144, 22, 'interest3', 1),
(145, 75, 'interest1', 1),
(146, 75, 'interest2', 0),
(147, 75, 'interest3', 0),
(148, 21, 'interest1', 1),
(149, 21, 'interest2', 0),
(150, 21, 'interest3', 0),
(151, 31, 'interest1', 1),
(152, 31, 'interest2', 0),
(153, 31, 'interest3', 0),
(154, 35, 'interest1', 1),
(155, 35, 'interest2', 0),
(156, 35, 'interest3', 1),
(157, 6, 'interest1', 1),
(158, 6, 'interest2', 0),
(159, 6, 'interest3', 0),
(160, 54, 'interest1', 0),
(161, 54, 'interest2', 0),
(162, 54, 'interest3', 1),
(163, 86, 'interest1', 1),
(164, 86, 'interest2', 1),
(165, 86, 'interest3', 1),
(166, 53, 'interest1', 1),
(167, 53, 'interest2', 1),
(168, 53, 'interest3', 0),
(169, 71, 'interest1', 1),
(170, 71, 'interest2', 0),
(171, 71, 'interest3', 1),
(172, 24, 'interest1', 1),
(173, 24, 'interest2', 0),
(174, 24, 'interest3', 0),
(175, 20, 'interest1', 0),
(176, 20, 'interest2', 1),
(177, 20, 'interest3', 0),
(178, 43, 'interest1', 0),
(179, 43, 'interest2', 1),
(180, 43, 'interest3', 0),
(181, 100, 'interest1', 0),
(182, 100, 'interest2', 1),
(183, 100, 'interest3', 0),
(184, 62, 'interest1', 0),
(185, 62, 'interest2', 0),
(186, 62, 'interest3', 1),
(187, 4, 'interest1', 1),
(188, 4, 'interest2', 1),
(189, 4, 'interest3', 0),
(190, 94, 'interest1', 1),
(191, 94, 'interest2', 0),
(192, 94, 'interest3', 1),
(193, 92, 'interest1', 0),
(194, 92, 'interest2', 1),
(195, 92, 'interest3', 0),
(196, 28, 'interest1', 1),
(197, 28, 'interest2', 0),
(198, 28, 'interest3', 0),
(199, 44, 'interest1', 1),
(200, 44, 'interest2', 0),
(201, 44, 'interest3', 1),
(202, 70, 'interest1', 1),
(203, 70, 'interest2', 0),
(204, 70, 'interest3', 0),
(205, 51, 'interest1', 1),
(206, 51, 'interest2', 0),
(207, 51, 'interest3', 1),
(208, 90, 'interest1', 0),
(209, 90, 'interest2', 0),
(210, 90, 'interest3', 0),
(211, 81, 'interest1', 1),
(212, 81, 'interest2', 1),
(213, 81, 'interest3', 0),
(214, 3, 'interest1', 1),
(215, 3, 'interest2', 0),
(216, 3, 'interest3', 1),
(217, 25, 'interest1', 1),
(218, 25, 'interest2', 0),
(219, 25, 'interest3', 0),
(220, 7, 'interest1', 1),
(221, 7, 'interest2', 0),
(222, 7, 'interest3', 0),
(223, 29, 'interest1', 1),
(224, 29, 'interest2', 0),
(225, 29, 'interest3', 0),
(226, 57, 'interest1', 1),
(227, 57, 'interest2', 0),
(228, 57, 'interest3', 1),
(229, 17, 'interest1', 0),
(230, 17, 'interest2', 0),
(231, 17, 'interest3', 0),
(232, 79, 'interest1', 0),
(233, 79, 'interest2', 1),
(234, 79, 'interest3', 0),
(235, 58, 'interest1', 0),
(236, 58, 'interest2', 1),
(237, 58, 'interest3', 0),
(238, 19, 'interest1', 1),
(239, 19, 'interest2', 1),
(240, 19, 'interest3', 0),
(241, 64, 'interest1', 1),
(242, 64, 'interest2', 0),
(243, 64, 'interest3', 0),
(244, 96, 'interest1', 1),
(245, 96, 'interest2', 0),
(246, 96, 'interest3', 1),
(247, 34, 'interest1', 1),
(248, 34, 'interest2', 0),
(249, 34, 'interest3', 0),
(250, 37, 'interest1', 0),
(251, 37, 'interest2', 0),
(252, 37, 'interest3', 1),
(253, 88, 'interest1', 1),
(254, 88, 'interest2', 0),
(255, 88, 'interest3', 1),
(256, 99, 'interest1', 1),
(257, 99, 'interest2', 1),
(258, 99, 'interest3', 0),
(259, 59, 'interest1', 1),
(260, 59, 'interest2', 0),
(261, 59, 'interest3', 0),
(262, 78, 'interest1', 1),
(263, 78, 'interest2', 1),
(264, 78, 'interest3', 0),
(265, 93, 'interest1', 1),
(266, 93, 'interest2', 1),
(267, 93, 'interest3', 0),
(268, 15, 'interest1', 0),
(269, 15, 'interest2', 1),
(270, 15, 'interest3', 1),
(271, 46, 'interest1', 0),
(272, 46, 'interest2', 1),
(273, 46, 'interest3', 0),
(274, 61, 'interest1', 0),
(275, 61, 'interest2', 1),
(276, 61, 'interest3', 0),
(277, 39, 'interest1', 0),
(278, 39, 'interest2', 0),
(279, 39, 'interest3', 0),
(280, 13, 'interest1', 0),
(281, 13, 'interest2', 0),
(282, 13, 'interest3', 1),
(283, 36, 'interest1', 1),
(284, 36, 'interest2', 0),
(285, 36, 'interest3', 1),
(286, 12, 'interest1', 1),
(287, 12, 'interest2', 1),
(288, 12, 'interest3', 1),
(289, 48, 'interest1', 1),
(290, 48, 'interest2', 1),
(291, 48, 'interest3', 0),
(292, 50, 'interest1', 1),
(293, 50, 'interest2', 0),
(294, 50, 'interest3', 1),
(295, 83, 'interest1', 1),
(296, 83, 'interest2', 1),
(297, 83, 'interest3', 1),
(298, 76, 'interest1', 1),
(299, 76, 'interest2', 0),
(300, 76, 'interest3', 0),
(301, NULL, 'interest1', 1),
(302, NULL, 'interest2', 1),
(303, NULL, 'interest3', 1),
(304, NULL, 'interest1', 1),
(305, NULL, 'interest2', 1),
(306, NULL, 'interest3', 1),
(307, 124, 'interest1', 1),
(308, 124, 'interest2', 0),
(309, 124, 'interest3', 0),
(310, 125, 'interest1', 1),
(311, 125, 'interest2', 1),
(312, 125, 'interest3', 1);

--
-- Индексы сохранённых таблиц
--

--
-- Индексы таблицы `interests`
--
ALTER TABLE `interests`
  ADD UNIQUE KEY `slug` (`slug`);

--
-- Индексы таблицы `phinxlog`
--
ALTER TABLE `phinxlog`
  ADD PRIMARY KEY (`version`);

--
-- Индексы таблицы `settings_interests`
--
ALTER TABLE `settings_interests`
  ADD PRIMARY KEY (`id`),
  ADD KEY `user_id` (`user_id`),
  ADD KEY `interest_slug` (`interest_slug`);

--
-- Индексы таблицы `users`
--
ALTER TABLE `users`
  ADD PRIMARY KEY (`id`),
  ADD UNIQUE KEY `email` (`email`);

--
-- Индексы таблицы `user_interests`
--
ALTER TABLE `user_interests`
  ADD PRIMARY KEY (`id`),
  ADD KEY `user_id` (`user_id`),
  ADD KEY `interest_slug` (`interest_slug`);

--
-- AUTO_INCREMENT для сохранённых таблиц
--

--
-- AUTO_INCREMENT для таблицы `settings_interests`
--
ALTER TABLE `settings_interests`
  MODIFY `id` int(11) NOT NULL AUTO_INCREMENT, AUTO_INCREMENT=319;

--
-- AUTO_INCREMENT для таблицы `users`
--
ALTER TABLE `users`
  MODIFY `id` int(11) NOT NULL AUTO_INCREMENT, AUTO_INCREMENT=126;

--
-- AUTO_INCREMENT для таблицы `user_interests`
--
ALTER TABLE `user_interests`
  MODIFY `id` int(11) NOT NULL AUTO_INCREMENT, AUTO_INCREMENT=313;

--
-- Ограничения внешнего ключа сохраненных таблиц
--

--
-- Ограничения внешнего ключа таблицы `settings_interests`
--
ALTER TABLE `settings_interests`
  ADD CONSTRAINT `settings_interests_ibfk_1` FOREIGN KEY (`user_id`) REFERENCES `users` (`id`) ON DELETE CASCADE,
  ADD CONSTRAINT `settings_interests_ibfk_2` FOREIGN KEY (`interest_slug`) REFERENCES `interests` (`slug`) ON DELETE CASCADE;

--
-- Ограничения внешнего ключа таблицы `user_interests`
--
ALTER TABLE `user_interests`
  ADD CONSTRAINT `user_interests_ibfk_1` FOREIGN KEY (`user_id`) REFERENCES `users` (`id`) ON DELETE CASCADE,
  ADD CONSTRAINT `user_interests_ibfk_2` FOREIGN KEY (`interest_slug`) REFERENCES `interests` (`slug`) ON DELETE CASCADE;
COMMIT;

/*!40101 SET CHARACTER_SET_CLIENT=@OLD_CHARACTER_SET_CLIENT */;
/*!40101 SET CHARACTER_SET_RESULTS=@OLD_CHARACTER_SET_RESULTS */;
/*!40101 SET COLLATION_CONNECTION=@OLD_COLLATION_CONNECTION */;
